code,event_type_cd,description
1.AA,I,SEC. 1(A) CLAIM ADDED
1.AD,I,SEC. 1(A) CLAIM DELETED
1.BA,I,Sec. 1(B) CLAIM ADDED
1.BD,I,Sec. 1(B) CLAIM DELETED
12AB,O,REQUEST FOR REPUB UNDER SECT 12(C) ABANDONED
12AF,I,SECTION 12(C) AFFIDAVIT FILED
15AB,O,AFFIDAVIT UNDER SECT 15 ABANDONED
15AF,I,REGISTERED - SEC. 15 AFFIDAVIT FILED
15AK,O,REGISTERED - SEC. 15 ACKNOWLEDGED
15IA,O,INITIAL REVIEW ACTION MAILED - SECTION 15
44DA,I,SEC. 44(D) CLAIM ADDED
44DD,I,SEC. 44(D) CLAIM DELETED
44EA,I,SEC. 44(E) CLAIM ADDED
44ED,I,SEC. 44(E) CLAIM DELETED
44ED,O,44(e) PETITION - DENIED
44EG,O,44(e) PETITION - GRANTED
44EM,',44(e) PETITION - DISMISSED
44EM,I,44(e) PETITION - DISMISSED
44EP,I,44(e) PETITION - RECEIVED
7.PR,O,REGISTERED - PARTIAL SEC. 7 ACCEPTED
71.P,O,REGISTERED - PARTIAL SEC 71 ACCEPTED
715F,I,REGISTERED - SEC. 71 & SEC. 15 FILED
71AF,I,REGISTERED-SEC.71 FILED
71AG,O,REGISTERED-SEC.71 ACCEPTED
8.AF,I,REGISTERED - SEC. 8 (6-YR) FILED
8.OK,O,REGISTERED - SEC. 8 (6-YR) ACCEPTED
8.PR,O,REGISTERED - PARTIAL SEC. 8 (6-YR) ACCEPTED
806I,O,INITIAL REVIEW ACTION MAILED - SECT 8 (6 YR)
810I,O,INITIAL REVIEW ACTION MAILED - SECT 8 (10 YR)
815F,I,REGISTERED - SEC. 8 (6-YR) & SEC. 15 FILED
815I,O,INITIAL REVIEW ACTION MAILED - SECT 8 AND 15
89AF,I,REGISTERED - COMBINED SECTION 8 (10-YR) & SEC. 9 FILED
89AG,O,REGISTERED - SEC. 8 (10-YR) ACCEPTED/SEC. 9 GRANTED
89IA,O,INITIAL REVIEW ACTION MAILED - SECT 8 & 9
8AFT,I,REGISTERED - SEC. 8 (10-YR) FILED/CHECK RECORD FOR SEC. 9
8OKT,O,REGISTERED - SEC. 8 (10-YR) ACCEPTED/CHECK RECORD FOR SEC. 9
8PRT,O,REGISTERED - PARTIAL SEC. 8 (10-YR) ACCEPTED
9.AF,I,REGISTERED - SEC. 9 FILED/CHECK RECORD FOR SEC. 8
9G8P,O,REGISTERED - SEC. 9 GRANTED/CHECK RECORD FOR SEC. 8
9INF,O,INITIAL REVIEW ACTION MAILED - SECTION 9
A7OK,O,AMENDMENT UNDER SECTION 7 - PROCESSED
AAUA,E,NOTICE OF ACCEPTANCE OF AMENDMENT TO ALLEGE USE E-MAILED
AAUA,O,NOTICE OF ACCEPTANCE OF AMENDMENT TO ALLEGE USE MAILED
AAUD,F,AMENDMENT OF ALLEGED USE DISAPPROVED
AAUW,S,ALLEGED AMENDMENT TO USE WITHDRAWN
ABN0,O,ABANDONMENT - INCOMPLETE RESPONSE
ABN1,*,ABANDONMENT - EXPRESS MAILED
ABN1,F,ABANDONMENT - EXPRESS MAILED
ABN1,O,ABANDONMENT - EXPRESS MAILED
ABN1,S,ABANDONMENT - EXPRESS MAILED
ABN2,O,ABANDONMENT - FAILURE TO RESPOND OR LATE RESPONSE
ABN3,O,ABANDONMENT - AFTER EX PARTE APPEAL
ABN4,O,ABANDONMENT - AFTER INTER PARTES DECISION
ABN5,O,ABANDONMENT - AFTER PUBLICATION
ABN6,S,ABANDONMENT - NO USE STATEMENT FILED
ABN7,S,ABANDONMENT - DEFECTIVE USE STATEMENT
ABN8,S,ABANDONMENT - AFTER PETITION DECISION(IU CASE)
ABN9,O,ABANDONMENT - DEFECTIVE DIVIDED APPLICATION
ABND,Z,ABANDONMENT DELETED BY TTAB
ACEC,I,AMENDMENT FROM APPLICANT ENTERED
ACFC,P,APPEAL TO CAFC
ADBS,I,1(B) BASIS DELETED; NEW BASIS REQUESTED
ADCH,M,CHANGE OF NAME/ADDRESS REC'D FROM IB
AITU,A,CASE ASSIGNED TO INTENT TO USE PARALEGAL
ALIE,A,ASSIGNED TO LIE
AMD7,I,SEC 7 REQUEST FILED
AMPB,I,AMENDMENT/PETITION AFTER APPROVAL FOR PUB ENTERED
AMPR,I,AMENDMENT ENTERED BY POST REGISTRATION
AMPX,I,APPLICANT AMENDMENT PRIOR TO EXAMINATION
AMPX,O,PRELIMINARY/VOLUNTARY AMENDMENT - ENTERED
AORN,I,ASSIGNMENT OF OWNERSHIP REVIEWED NOT UPDATED
AOUM,I,ASSIGNMENT OF OWNERSHIP UPDATED MANUALLY
APET,A,ASSIGNED TO PETITION STAFF
APRC,O,ADDITIONAL PUB REVIEW COMPLETED
APRE,A,CASE ASSIGNED TO POST REGISTRATION PARALEGAL
ARAA,I,ATTORNEY/DOM.REP.REVOKED AND/OR APPOINTED
ASCK,I,ASSIGNMENT OF OWNERSHIP NOT UPDATED AUTOMATICALLY
ASDF,I,ASSIGNMENT CHANGE WITHDRAWN
ASGN,I,AUTOMATIC UPDATE OF ASSIGNMENT OF OWNERSHIP
ATAP,P,AMENDMENT APPROVED BY ATTORNEY
ATDN,P,AMENDMENT DENIED BY ATTORNEY
ATRQ,I,ATTORNEY REVIEW/DECISION ON AMENDMENT REQUIRED
ATRV,O,ATTORNEY REVIEW COMPLETED
AUPC,I,AMENDMENT TO USE PROCESSING COMPLETE
BARR,T,REEXAM EX PARTE APPEAL RECD AT TTAB
BARX,T,EXPUNGEMENT EX PARTE APPEAL RECEIVED AT TTAB
BDFU,N,BIRTH/DEATH MERGER PROCESSED BY USPTO
BDRD,O,REEXAMINATION PROCEEDING NOT INSTITUTED
BDRN,O,NOTICE OF INCOMPLETE PETITION ISSUED - REEXAMINATION
BDXD,O,EXPUNGEMENT PROCEEDING NOT INSTITUTED
BDXN,O,NOTICE OF INCOMPLETE PETITION ISSUED - EXPUNGEMENT
BNTR,O,NOTICE OF TERMINATION - REEXAMINATION (PAPER-MAILED)
BNTX,O,NOTICE OF TERMINATION - EXPUNGEMENT (PAPER-MAILED)
BPCQ,O,FORWARD TO PRINT CLERK FOR PAPER MAILING
BPET,O,NOTICE OF SUBMISSION OF E/R PETITION TO REGISTRANT'S EMAIL
BPPR,I,PETITION FOR REEXAMINATION RECEIVED
BPRD,O,REEXAMINATION PROCEEDING NOT INSTITUTED
BPRE,I,PETITION FOR EXPUNGEMENT RECEIVED
BPXR,A,ASSIGNED TO REX/EXP PROCEEDING STAFF
BPXX,O,EXPUNGEMENT PROCEEDING NOT INSTITUTED
BR3R,I,PETITIONER'S RESPONSE TO 30 DAY LETTER - REEXAMINATION
BRFA,O,REEXAMINATION FINAL OFFICE ACTION ISSUED
BRNT,O,NOTICE OF TERMINATION ISSUED - REEXAMINATION
BRPI,O,PROCEEDING INSTITUTED - REEXAMINATION
BURX,T,JURISDICTION RESTORED - EXP/REEX PROCEEDING
BX3R,I,PETITIONER'S RESPONSE TO 30 DAY LETTER - EXPUNGEMENT
BXFA,O,EXPUNGEMENT FINAL OFFICE ACTION ISSUED
BXNT,O,NOTICE OF TERMINATION ISSUED - EXPUNGEMENT
BXOA,O,NOTICE OF INSTITUTION / OFFICE ACTION ISSUED - EXPUNGEMENT
BXPI,O,PROCEEDING INSTITUTED - EXPUNGEMENT
C.7C,O,NEW CERTIFICATE UNDER SECTION 7 - PROCESSED
C.7F,I,REQUEST FOR NEW CERTIFICATE FILED
C15A,O,REGISTERED - SEC. 8 (6-YR) ACCEPTED & SEC. 15 ACK.
C15P,O,REGISTERED - PARTIAL SEC. 8 (6-YR) ACCEPTED & SEC. 15 ACK.
C18.,O,CANCELLED SECTION 18-TOTAL
C18P,O,CANCELLED SECTION 18-PARTIAL
C24.,O,CANCELLED SECTION 24-TOTAL
C37.,O,CANCELLED SECTION 37-TOTAL
C37P,O,CANCELLED SECTION 37-PARTIAL
C6AF,O,CANCELLATION UNDER 16A FULL
C6AP,O,CANCELLATION UNDER 16A PARTIAL
C6BF,O,CANCELLATION UNDER 16B FULL
C6BP,O,CANCELLATION UNDER 16B PARTIAL
C7..,O,CANCELLED SECTION 7-TOTAL
C71P,O,CANCELLED SECTION 71 PARTIAL
C71T,O,CANCELLED SECTION 71
C75A,O,REGISTERED - SEC. 71 ACCEPTED & SEC. 15 ACK.
C75P,O,REGISTERED - PARTIAL SEC. 71 ACCEPTED & SEC. 15 ACK.
C7P.,O,CANCELLED SEC. 7 - PARTIAL
C7PF,I,RQST FOR SECT 7 PARTIAL SURRENDER FILED
C7RF,I,REQUEST FOR SECT 7 TOTAL SURRENDER FILED
C8..,O,CANCELLED SEC. 8 (6-YR)
C8.T,O,CANCELLED SEC. 8 (10-YR)
C8P.,O,CANCELLED SECTION 8-PARTIAL
CAEX,O,CANCELLED SEC. 8 (10-YR)/EXPIRED SECTION 9
CAND,T,CANCELLATION DENIED NO. 999999
CANG,D,CANCELLATION GRANTED IN PART/DENIED IN PART 999999
CANG,T,CANCELLATION GRANTED NO. 999999
CANT,T,CANCELLATION TERMINATED NO. 999999
CCCN,T,COUNTERCLAIM CANC. NO. 999999
CCON,T,COUNTERCLAIM OPP. NO. 999999
CEAP,F,EXAMINER'S AMENDMENT/PRIORITY ACTION MAILED
CEAP,O,EXAMINER'S AMENDMENT/PRIORITY ACTION MAILED
CEPE,I,COMBINED EXAMINER'S AMENDMENT/PRIORITY ACTION ENTERED
CFDD,O,REQUEST TO CORRECT FILING DATE DENIED
CFDG,O,REQUEST TO CORRECT FILING DATE - GRANTED
CFDM,I,REQUEST TO CORRECT FILING DATE - DISMISSED
CFIT,O,CASE FILE IN TICRS
CFRC,O,SUBSEQUENT FINAL MAILED
CFRC,R,SUBSEQUENT FINAL REFUSAL WRITTEN
CFRC,S,SUBSEQUENT FINAL MAILED
CHAN,I,APPLICANT/CORRESPONDENCE CHANGES (NON-RESPONSIVE) ENTERED
CHLD,M,CHANGE OF OWNER RECEIVED FROM IB
CHPB,I,CHANGES/CORRECTIONS AFTER PUB APPROVAL ENTERED
CHPN,I,APPLICANT SUPPLIED CHANGES/CORRECTIONS AFTER PUB APPROVAL NOT ENT
CIID,O,REQUEST TO CANCEL INADVERTENTLY ISSUED DENIED
CIIG,O,REQUEST TO CANCEL INADVERTENTLY ISSUED REGISTRATION - GRANTED
CIIM,I,REQUEST TO CANCEL INADVERTENTLY ISSUED REGISTRATION - DISMISSED
CMMP,I,MISCELLANEOUS PAPER
CNCF,O,CONTINUATION OF FINAL REFUSAL MAILED
CNCF,R,ACTION CONTINUING A FINAL - COMPLETED
CNCF,S,ACTION CONTINUING FINAL - COMPLETED
CNCF,W,SU - ACTION CONTINUING FINAL - WRITTEN
CNEA,*,EXAMINER'S AMENDMENT COMPLETED
CNEA,F,EXAMINER'S AMENDMENT MAILED
CNEA,O,EXAMINERS AMENDMENT MAILED
CNEA,R,EXAMINERS AMENDMENT -WRITTEN
CNEA,S,EXAMINERS AMENDMENT -WRITTEN
CNEA,W,EXAMINERS AMENDMENT -WRITTEN
CNES,O,EXAMINERS STATEMENT MAILED
CNES,R,EXAMINERS STATEMENT - COMPLETED
CNES,S,EXAMINERS STATEMENT MAILED
CNES,W,SU - EXAMINER STATEMENT - WRITTEN
CNFR,F,FINAL REFUSAL MAILED
CNFR,O,FINAL REFUSAL MAILED
CNFR,R,FINAL REFUSAL WRITTEN
CNFR,S,FINAL REFUSAL MAILED
CNFR,W,SU - FINAL REFUSAL - WRITTEN
CNPR,P,ALLOWED PRINCIPAL REGISTER - SOU ACCEPTED
CNRT,*,NON-FINAL ACTION MAILED
CNRT,F,NON-FINAL ACTION MAILED
CNRT,O,NON-FINAL ACTION MAILED
CNRT,R,NON-FINAL ACTION WRITTEN
CNRT,S,NON-FINAL ACTION MAILED
CNRT,W,SU - NON-FINAL ACTION - WRITTEN
CNRU,F,DISAPPROVAL - AMENDMENT TO USE MAILED
CNRU,O,DISAPPROVAL - AMENDMENT TO USE MAILED
CNSA,O,APPROVED FOR PUB - PRINCIPAL REGISTER
CNSA,P,APPROVED FOR PUB - PRINCIPAL REGISTER
CNSI,F,SUSPENSION INQUIRY MAILED
CNSI,O,INQUIRY AS TO SUSPENSION MAILED
CNSI,R,SUSPENSION INQUIRY WRITTEN
CNSI,S,INQUIRY AS TO SUSPENSION MAILED
CNSI,W,SU - SUSPENSION INQUIRY - WRITTEN
CNSL,*,LETTER OF SUSPENSION MAILED
CNSL,F,LETTER OF SUSPENSION MAILED
CNSL,O,LETTER OF SUSPENSION MAILED
CNSL,R,SUSPENSION LETTER WRITTEN
CNSL,S,LETTER OF SUSPENSION MAILED
CNSL,W,SU - SUSPENSION LETTER - WRITTEN
CNSR,P,ALLOWED SUPPLEMENTAL REGISTER - SOU ACCEPTED
CNTA,O,APPROVED FOR REGISTRATION SUPPLEMENTAL REGISTER
COAE,I,TEAS APPLICANT/CORRESPONDENCE CHANGES ENTERED
COAR,I,TEAS CHANGE OF OWNER ADDRESS RECEIVED
COC.,O,CORRECTION UNDER SECTION 7 - PROCESSED
COCO,O,CORRECTION OF OFFICE MISTAKE
CORN,I,"CORRECTION FROM THE IB EXAMINED, NO ACTION IS NEEDED"
CORR,I,CORRECTION FROM IB ENTERED - NO REVIEW REQUIRED
CORS,I,CORRECTION REQUEST SENT TO IB
CORV,1,REVIEW OF CORRESPONDENCE COMPLETE - ADDRESS UPDATED
CORV,2,REVIEW OF CORRESPONDENCE COMPLETE - ADDRESS NOT UPDATED
CORV,3,REVIEW OF CORRESPONDENCE COMPLETE - POWER OF ATTORNEY NOT ENTERED
CORV,4,REVIEW OF CORRESPONDENCE COMPLETE - POWER OF ATTORNEY ENTERED
CORV,5,REVIEW OF CORRESPONDENCE COMPLETE - CERTIFICATE OF REG MAILED
CORV,6,REVIEW OF CORRESPONDENCE COMPLETE - INFORMATION MADE OF RECORD
CORV,7,REVIEW OF CORRESPONDENCE COMPLETE - SEE NOTE TO FILE
CORV,P,REVIEW OF CORRESPONDENCE COMPLETE
CPEA,F,EXAMINER'S AMENDMENT AND/OR PRIORITY ACTION MAILED
CPEA,O,EXAMINER'S AMENDMENT AND/OR PRIORITY ACTION MAILED
CPEA,R,EXAMINERS AMENDMENT AND/OR PRIORITY ACTION - COMPLETED
CPEA,W,SU - EXAMINER'S AMENDMENT AND/OR PRIORITY ACTION - WRITTEN
CPRA,F,PRIORITY ACTION MAILED
CPRA,O,PRIORITY ACTION MAILED
CPRA,R,PRIORITY ACTION WRITTEN
CRAF,I,AMENDMENT CORRESPONDENCE ENTERED
CRCR,E,CORRECTION CREATED FOR IB
CRCV,M,CORRECTION TRANSACTION RECEIVED FROM IB
CREV,I,CORRECTION FROM IB ENTERED - ATTORNEY REVIEW REQUIRED
CRFA,I,CORRESPONDENCE RECEIVED IN LAW OFFICE
CRML,O,CORRESPONDENCE MAILED
CRNO,P,CORRESPONDENCE REVIEWED - NO ACTION NEEDED
CRRR,P,CORRECTION REFUSAL CREATED
CRSN,M,CORRECTION SENT TO IB
CRST,M,"PTO REFUSAL OF CORRECTION FROM IB, SENT TO IB"
CRTP,C,REG. CANCELLED - RESTORED TO PENDENCY
CTDA,T,CT DECISION: AFFIRMED
CTDD,T,CT DECISION: DISMISSED
CTDR,T,CT DECISION: REVERSED AND REMANDED
CTDV,T,CT DECISION: VACATED AND REMANDED
CTRD,T,CT DECISION: DISMISSED AND REMANDED
CU.A,T,CONCURRENT USE NOT INSTITUED
CU.D,T,CONCURRENT USE DENIED NO. 999999
CU.G,T,CONCURRENT USE GRANTED NO. 999999
CU.I,T,CONCURRENT USE PROC. INSTITUTED NO. 999999
CU.M,T,CONCURRENT USE DISSOLVED
CU.T,T,CONCURRENT USE TERMINATED NO. 999999
CWBI,Z,WITHDRAWN BEFORE REGISTRATION
CWBP,Z,WITHDRAWN BEFORE PUBLICATION
D1BN,I,NO BASIS FOR REGISTRATION
D1BR,I,TEAS DELETE 1(B) BASIS RECEIVED
DCPN,M,CHANGE OF OWNER RECEIVED FROM IB
DENA,E,NOTIFICATION OF EFFECT OF CANCELLATION OF INTL REG E-MAILED
DENA,O,NOTIFICATION OF EFFECT OF CANCELLATION OF INTL REG MAILED
DENC,E,NOTIFICATION OF EFFECT OF CANCELLATION OF INTL REG E-MAILED
DENC,O,NOTIFICATION OF EFFECT OF CANCELLATION OF INTL REG MAILED
DETH,P,DEATH OF INTERNATIONAL REGISTRATION
DIPR,E,REEXAMINATION PROCEEDING AUTHORIZED BY DIRECTOR
DIPX,E,EXPUNGEMENT PROCEEDING AUTHORIZED BY DIRECTOR
DMCC,I,DATA MODIFICATION COMPLETED
DOCK,D,ASSIGNED TO EXAMINER
DP1B,I,1(B) BASIS DELETED; PROCEED TO REGISTRATION
DPCC,D,DIVISIONAL PROCESSING COMPLETE
DRHI,O,DIVISIONAL REQUEST HELD INFORMAL
DRRR,I,DIVISIONAL REQUEST RECEIVED
DVUT,I,UNTIMELY DIVISIONAL REQUEST PROCESSED
E15R,I,TEAS SECTION 15 RECEIVED
E815,I,TEAS SECTION 8 & 15 RECEIVED
E89R,I,TEAS SECTION 8 & 9 RECEIVED
EAAU,I,TEAS AMENDMENT OF USE RECEIVED
EADG,I,TEAS AMENDMENT TO DELETE G/S RECEIVED
EARE,O,EARLY EXTENSION OF USE REFUSED
EARS,O,EARLY STATEMENT OF USE NOT PROCESSED
ECCA,I,TEAS CHANGE OF CORRESPONDENCE RECEIVED
ECDR,I,TEAS CHANGE OF DOMESTIC REPRESENTATIVES ADDRESS
EEXT,I,SOU TEAS EXTENSION RECEIVED
EISU,I,TEAS STATEMENT OF USE RECEIVED
EMRV,E,EMAIL RECEIVED
ENOR,I,TEAS NOTE OF REPLACEMENT RECEIVED
EPEN,O,COMBINED EXAMINER'S AMENDMENT/PRIORITY ACTION AUTOMATIC ENTRY
EPGS,I,TEAS PETITION TO REVIVE AND REQUEST TO DELETE 1B OR G/S
EPPA,I,TEAS POST PUBLICATION AMENDMENT RECEIVED
EPRR,I,TEAS PETITION FOR POST REGISTRATION MATTERS RECEIVED
ERCF,I,TEAS REQUEST TO CHANGE FILING DATE.
ERFR,I,TEAS REQUEST FOR RECONSIDERATION RECEIVED
ERFT,I,TEAS REQUEST FOR TRANSFORMATION RECEIVED
EROI,I,TEAS RESPONSE TO OFFICE ACTION-ITU RECEIVED
EROP,I,TEAS RESPONSE TO OFFICE ACTION-POST REG RECEIVED
ERRR,O,ON HOLD - ELECTRONIC RECORD REVIEW REQUIRED
ERRS,I,TEAS REQUEST FOR REINSTATEMENT
ERSI,I,TEAS RESPONSE TO SUSPENSION INQUIRY RECEIVED
ERTD,I,TEAS REQUEST TO DIVIDE RECEIVED
ERTI,I,TEAS RESPONSE TO PETITION INQUIRY LETTER
ERTP,I,TEAS RESPONSE TO PETITION DEFICIENCY RECEIVED
ERTR,I,TEAS REQUEST TO DIVIDE REGISTRATION
ES71,I,TEAS SECTION 71 RECEIVED
ES75,I,TEAS SECTION 71 & 15 RECEIVED
ES7R,I,TEAS SECTION 7 REQUEST RECEIVED
ES7S,I,TEAS SECTION 7 SURRENDER RECEIVED
ES8R,I,TEAS SECTION 8 RECEIVED
ETOF,T,EXTENSION OF TIME TO OPPOSE RECEIVED
ETOP,T,EXTENSION OF TIME TO OPPOSE PROCESS - TERMINATED
EWAF,I,TEAS WITHDRAWAL OF ATTORNEY RECEIVED-FIRM RETAINS
EWOR,I,TEAS WITHDRAWAL AS DOMESTIC REPRESENTATIVE RECEIVED
EX1D,S,SOU EXTENSION 1 DENIAL LETTER PREPARED
EX1G,S,SOU EXTENSION 1 GRANTED
EX1M,S,SOU EXTENSION 1 DENIAL LETTER MAILED
EX2D,S,SOU EXTENSION 2 DENIAL LETTER PREPARED
EX2G,S,SOU EXTENSION 2 GRANTED
EX2M,S,SOU EXTENSION 2 DENIAL LETTER MAILED
EX3D,S,SOU EXTENSION 3 DENIAL LETTER PREPARED
EX3G,S,SOU EXTENSION 3 GRANTED
EX3M,S,SOU EXTENSION 3 DENIAL LETTER PREPARED
EX4D,S,SOU EXTENSION 4 DENIAL LETTER PREPARED
EX4G,S,SOU EXTENSION 4 GRANTED
EX4M,S,SOU EXTENSION 4 DENIAL LETTER PREPARED
EX5D,S,SOU EXTENSION 5 DENIAL LETTER PREPARED
EX5G,S,SOU EXTENSION 5 GRANTED
EX5M,S,SOU EXTENSION 5 DENIAL LETTER PREPARED
EXAB,I,EXPRESS ABANDONMENT RECEIVED
EXAF,T,EXPARTE APPEAL RECEIVED AT TTAB
EXAR,I,TEAS EXPRESS ABANDONMENT RECEIVED
EXAR,T,EXPARTE APPEAL AFFIRMED/REVERSED IN PART
EXDA,T,EXPARTE APPEAL DISCLAIMER ACCEPTED
EXDD,T,EXPARTE APPEAL DISMISSED
EXDM,T,EXPARTE APPEAL DISMISSED AS MOOT
EXDR,T,EXPARTE APPEAL DISMISSED REMANDED
EXFB,T,EXPARTE APPEAL DISMISSED - FAILURE TO FILE BRIEF
EXNI,T,EXPARTE APPEAL TO BOARD NOT ENTERTAINED
EXPA,T,EX PARTE APPEAL-REFUSAL AFFIRMED
EXPI,T,EX PARTE APPEAL-INSTITUTED
EXPR,T,EX PARTE APPEAL-REFUSAL REVERSED
EXPT,T,EXPARTE APPEAL TERMINATED
EXRA,E,NOTICE OF APPROVAL OF EXTENSION REQUEST E-MAILED
EXRA,O,NOTICE OF APPROVAL OF EXTENSION REQUEST MAILED
EXRE,T,EXPARTE APPEAL REINSTATED
EXRG,O,EXPIRED SEC. 9
EXRR,T,EXPARTE APPEAL REVERSED AND REMANDED
EXT1,S,SOU EXTENSION 1 FILED
EXT2,S,SOU EXTENSION 2 FILED
EXT3,S,SOU EXTENSION 3 FILED
EXT4,S,SOU EXTENSION 4 FILED
EXT5,S,SOU EXTENSION 5 FILED
FAXX,I,FAX RECEIVED
FAXX,O,FAX SENT
FBCS,P,REPLACEMENT SENT TO IB
FBNX,P,REPLACEMENT TRANSACTION PROCESSED BY IB
FFDM,I,FILING RECEIPT CORRECTION ENTERED
FICR,P,"FINAL DISPOSITION NOTICE CREATED, TO BE SENT TO IB"
FICS,P,FINAL DISPOSITION NOTICE SENT TO IB
FIMP,P,FINAL DISPOSITION PROCESSED
FINA,P,FINAL DECISION PROCESSED AND NO ACTION REQUIRED
FINA,R,FINAL DISPOSITION REVIEWED - NO ACTION REQUIRED BY OFFICE
FINO,P,FINAL DECISION TRANSACTION PROCESSED BY IB
FINP,P,FINAL DECISION TRANSACTION PROCESSED BY IB
FINT,P,FINAL DECISION TRANSACTION PROCESSED BY IB
FINV,P,FINAL DECISION TRANSACTION PROCESSED BY IB
FISN,P,FINAL DECISION PROCESSED AND SENT TO IB
FIXD,O,ELECTRONIC RECORD REVIEW COMPLETE
GAUD,F,NOTICE OF UNRESPONSIVE AMENDMENT - E-MAILED
GAUD,O,NOTICE OF UNRESPONSIVE AMENDMENT - E-MAILED
GAUN,O,NOTIFICATION OF NOTICE OF UNRESPONSIVE AMENDMENT - E-MAILED
GEA1,O,NOTIFICATION OF ACTION DENYING REQ FOR RECON E-MAILED
GEA2,O,NOTIFICATION OF ACTION GRANTING REQ FOR RECON E-MAILED
GEAN,O,NOTIFICATION OF EXAMINER'S AMENDMENT/PRIORITY ACTION E-MAILED
GEAP,F,EXAMINER'S AMENDMENT/PRIORITY ACTION E-MAILED
GEAP,O,EXAMINER'S AMENDMENT/PRIORITY ACTION E-MAILED
GECD,O,ACTION DENYING REQ FOR RECON E-MAILED
GECD,S,ACTION DENYING REQ FOR RECON E-MAILED
GECG,O,ACTION GRANTING REQ FOR RECON E-MAILED
GECG,S,ACTION GRANTING REQ FOR RECON E-MAILED
GNCF,O,CONTINUATION OF FINAL REFUSAL E-MAILED
GNCF,S,CONTINUATION OF FINAL REFUSAL E-MAILED
GNCN,O,NOTIFICATION OF CONTINUATION OF FINAL REFUSAL E-MAILED
GNEA,*,EXAMINERS AMENDMENT E-MAILED
GNEA,F,EXAMINERS AMENDMENT E-MAILED
GNEA,O,EXAMINERS AMENDMENT E-MAILED
GNEA,S,EXAMINERS AMENDMENT E-MAILED
GNEN,O,NOTIFICATION OF EXAMINERS AMENDMENT E-MAILED
GNES,O,EXAMINERS STATEMENT E-MAILED
GNFN,O,NOTIFICATION OF FINAL REFUSAL EMAILED
GNFR,F,FINAL REFUSAL E-MAILED
GNFR,O,FINAL REFUSAL E-MAILED
GNFR,S,FINAL REFUSAL E-MAILED
GNPA,F,EXAMINER'S AMENDMENT AND/OR PRIORITY ACTION E-MAILED
GNPA,O,SU - EXAMINER'S AMENDMENT AND/OR PRIORITY ACTION E-MAILED
GNPE,F,EXAMINER'S AMENDMENT AND/OR PRIORITY ACTION E-MAILED
GNPE,O,EXAMINER'S AMENDMENT AND/OR PRIORITY ACTION E-MAILED
GNR1,O,NOTIFICATION OF DISAPPROVAL - AMENDMENT TO USE E-MAILED
GNRN,O,NOTIFICATION OF NON-FINAL ACTION E-MAILED
GNRT,*,NON-FINAL ACTION E-MAILED
GNRT,F,NON-FINAL ACTION E-MAILED
GNRT,O,NON-FINAL ACTION E-MAILED
GNRT,S,NON-FINAL ACTION E-MAILED
GNRU,F,DISAPPROVAL - AMENDMENT TO USE E-MAILED
GNRU,O,DISAPPROVAL - AMENDMENT TO USE E-MAILED
GNS1,O,NOTIFICATION OF SUBSEQUENT FINAL EMAILED
GNS2,O,NOTIFICATION OF INQUIRY AS TO SUSPENSION E-MAILED
GNS3,O,NOTIFICATION OF LETTER OF SUSPENSION E-MAILED
GNSF,O,SUBSEQUENT FINAL EMAILED
GNSF,S,SUBSEQUENT FINAL EMAILED
GNSI,F,SUSPENSION INQUIRY E-MAILED
GNSI,O,INQUIRY AS TO SUSPENSION E-MAILED
GNSI,S,INQUIRY TO SUSPENSION E-MAILED
GNSL,*,LETTER OF SUSPENSION E-MAILED
GNSL,F,LETTER OF SUSPENSION E-MAILED
GNSL,O,LETTER OF SUSPENSION E-MAILED
GNSL,S,LETTER OF SUSPENSION E-MAILED
GNSN,O,NOTIFICATION OF EXAMINERS STATEMENT E-MAILED
GPAR,P,"GRANT OF PROTECTION CREATED, TO BE SENT TO IB"
GPAS,P,GRANT OF PROTECTION SENT TO IB
GPNX,P,NOTIFICATION PROCESSED BY IB
GPRA,F,PRIORITY ACTION E-MAILED
GPRA,O,PRIORITY ACTION E-MAILED
GPRN,O,NOTIFICATION OF PRIORITY ACTION E-MAILED
GRDA,O,WITHDRAWAL OF REFUSAL DURING APPEAL E-MAILED
GRML,O,CORRESPONDENCE E-MAILED
GSEA,F,SU - EXAMINER'S AMENDMENT/PRIORITY ACTION E-MAILED
GSEA,O,SU - EXAMINER'S AMENDMENT/PRIORITY ACTION E-MAILED
GSEN,O,NOTIFICATION OF SU- EXAMINER'S AMENDMENT/PRIORITY ACTION E-MAILED
GSPR,F,SU - PRIORITY ACTION E-MAILED
GSPR,O,SU - PRIORITY ACTION E-MAILED
GSPS,O,NOTIFICATION OF SU - PRIORITY ACTION E-MAILED
GSS1,O,NOTIFICATION OF SU - SUBSEQUENT FINAL E-MAILED
GSSF,O,SU - SUBSEQUENT FINAL MAILED
HSCD,I,HIDDEN SENSITIVE CONTENT
ICNA,I,NOTICE OF ALLOWANCE CORRECTION ENTERED
IIOA,O,INADVERTENTLY ISSUED OFFICE ACTION
IIRN,O,INADVERTENTLY ISSUED REGISTRATION NUMBER CANCELLED
INAR,P,INVALIDATION REVIEWED - NO ACTION REQUIRED BY OFFICE
INCD,O,ITU OFFICE ACTION ISSUED FOR DIVISIONAL REQUEST
INCE,O,ITU OFFICE ACTION ISSUED FOR EXTENSION REQUEST
INCS,O,ITU OFFICE ACTION ISSUED FOR STATEMENT OF USE
INNA,R,INVALIDATION REVIEWED - NO ACTION REQUIRED BY OFFICE
INNP,P,PARTIAL INVALIDATION PROCESSED BY THE IB
INNT,P,TOTAL INVALIDATION PROCESSED BY THE IB
INOA,I,AMENDMENT AFTER NOA NOT ENTERED
INPC,P,INVALIDATION PROCESSED
INPR,P,PARTIAL INVALIDATION OF REG EXT PROTECTION CREATED
INPS,P,PARTIAL INVALIDATION OF REG EXT PROTECTION SENT TO IB
INTI,T,INTERFERENCE INSTITUTED NO. 999999
INTR,P,TOTAL INVALIDATION OF REG EXT PROTECTION CREATED
INTS,P,TOTAL INVALIDATION OF REG EXT PROTECTION SENT TO IB
INTT,T,INTERFERENCE TERMINATED NO. 999999
IRCB,M,IRREGULARITY NOTICE ON CEASING OF EFFECT RECEIVED FROM IB
IRFI,M,IRREGULARITY ON FINAL DECISION RECEIVED FROM IB
IRGP,M,IRREGULARITY ON GRANT OF PROTECTION RECEIVED FROM IB
IRIV,M,IRREGULARITY ON INVALIDATION RECEIVED FROM IB
IROA,I,RESPONSE TO ITU OFFICE ACTION ENTERED
IROP,M,IRREGULARITY ON NOTICE OF POSSIBLE OPPOSITION RECEIVED FROM IB
IROT,M,IRREGULARITY FOR TRANSFER OF OWNERSHIP RECEIVED FROM IB
IRRE,X,IRREGULARITY ON REFUSAL REQUIRES EXAMINER REVIEW
IRRF,M,IRREGULARITY ON REFUSAL FROM IB
IRRG,M,IRREGULARITY RECEIVED FROM IB
IRRH,M,IRREGULARITY FROM IB EXAMINED BY MPU
IRSS,P,IRREGULARITY RESPONSE SENT TO IB
IRXX,M,IRREGULARITY ON GENERIC TRANSACTION RECEIVED FROM IB
ISCO,Z,WITHDRAWN FROM ISSUE - COMM.OFFICE REQUEST
ISCR,Z,WITHDRAWN FROM ISSUE - OG REVIEW QUERY
ISER,Z,WITHDRAWN FROM ISSUE - EXAMINING ATTORNEY REQUEST
ISIC,Z,WITHDRAWN FROM ISSUE - INCOMING CORR RECEIVED
ISIR,Z,WITHDRAWN FROM ISSUE - TQR/NON-ATTY REQUEST
ISIU,Z,WITHDRAWN FROM ISSUE(NOA)-ITU REQUEST
ISMR,Z,WITHDRAWN FROM ISSUE - MANAGING ATTORNEY REQUEST
ISPO,Z,WITHDRAWN FROM ISSUE - PETITIONS OFFICE REQUEST
ISPR,Z,WITHDRAWN FROM ISSUE - PROOFER'S REQUEST
ISSR,Z,WITHDRAWN FROM ISSUE - SENIOR ATTORNEY REQUEST
ISTB,I,WITHDRAWN FROM ISSUE-TTAB REQUEST
ISTB,Z,WITHDRAWN FROM ISSUE-TTAB REQUEST
ISTQ,Z,ISTQ-Withdrawn from Issue OTQR Request
ISUR,Z,WITHDRAWN FROM ISSUE - MPU REQUEST
IUAA,P,USE AMENDMENT ACCEPTED
IUAF,P,USE AMENDMENT FILED
IUAF,S,USE AMENDMENT FILED
IUAL,I,UNTIMELY AMENDMENT TO ALLEGE USE PROCESSED
IUCN,S,NOTICE OF ALLOWANCE CANCELLED
IUFF,S,USE AFFIDAVIT FAILED FORMALITIES
IULN,O,"ITU LETTER MAILED, NO RESPONSE REQUIRED"
IUPC,S,ITU PROCESS COMPLETED TO LAW OFFICE
IURF,S,IU INFORMAL RESPONSE RECEIVED
IUSF,P,USE STATEMENT FILED
JURT,T,JURISDICTION RESTORED TO EXAMINING ATTORNEY
KBOC,S,TERMINATED AFTER SANCTIONS
KNOT,O,NOTICE OF TERMINATION SENT
KOFS,O,ORDER FOR SANCTIONS
KONO,O,ORDER FOR SANCTIONS - NOTICE EMAILED
KSAD,S,SUSPENDED PENDING ADMINISTRATIVE REVIEW
KSCO,O,SHOW CAUSE ORDER
KSDR,S,SUSPENSION RELEASED
KSNR,O,NOTICE OF SUSPENSION SENT - PENDING SHOW CAUSE
KSNS,O,NOTICE OF SUSPENSION SENT - PENDING REVIEW
LEXT,S,LATE FILED EXTENSION REQUEST
LIEC,X,LEGAL INSTRUMENT EXAMINER (LIE) - CORRECTION
LIEN,I,APPLICANT AMENDMENT REQUIRES LAW OFFICE ENTRY
LIME,I,LIMITATION FROM THE IB EXAMINED AND ENTERED
LIME,X,LIMITATION FROM THE IB - REQUEST EXAM REVIEW
LIMG,M,LIMITATION OF GOODS RECEIVED FROM IB
LIMI,I,LIMITATION FROM ORIGINAL APPLICATION ENTERED
LIMN,I,"LIMITATION FROM THE IB EXAMINED, NO ACTION IS NEEDED"
LIMS,I,LIMITATION OF GOODS/SERVICES FROM IB ENTERED
LNAR,P,"LIMITATION HAS NO EFFECT CREATED, TO BE SENT TO IB"
LNAS,P,DECLARATION THAT A LIMITATION HAS NO EFFECT SENT TO IB
LNNX,P,LIMITATION HAS NO EFFECT PROCESSED BY IB
LOAP,I,LETTER OF ABANDONMENT PROCESSED
LOPE,O,LETTER OF PROTEST EVIDENCE REVIEWED - ACTION TAKEN
LOPR,P,LETTER OF PROTEST EVIDENCE REVIEWED-NO FURTHER ACTION TAKEN
LOPT,I,LETTER OF PROTEST EVIDENCE FORWARDED
LSOU,S,LATE FILED STATEMENT OF USE
MAB0,E,ABANDONMENT NOTICE E-MAILED - INCOMPLETE RESPONSE
MAB0,O,ABANDONMENT NOTICE MAILED - INCOMPLETE RESPONSE
MAB1,E,ABANDONMENT NOTICE E-MAILED - EXPRESS ABANDONMENT
MAB1,O,ABANDONMENT NOTICE MAILED - EXPRESS ABANDONMENT
MAB2,E,ABANDONMENT NOTICE E-MAILED - FAILURE TO RESPOND
MAB2,O,ABANDONMENT NOTICE MAILED - FAILURE TO RESPOND
MAB3,E,ABANDONMENT NOTICE MAILED - AFTER EX PARTE APPEAL
MAB3,O,ABANDONMENT NOTICE MAILED - AFTER EX PARTE APPEAL
MAB4,E,ABANDONMENT NOTICE E-MAILED - INTER PARTES DECISION
MAB4,O,ABANDONMENT NOTICE MAILED - INTER PARTES DECISION
MAB5,E,ABANDONMENT NOTICE E-MAILED - AFTER PUBLICATION
MAB5,O,ABANDONMENT NOTICE MAILED - AFTER PUBLICATION
MAB6,E,ABANDONMENT NOTICE E-MAILED - NO USE STATEMENT FILED
MAB6,O,ABANDONMENT NOTICE MAILED - NO USE STATEMENT FILED
MAB7,E,ABANDONMENT NOTICE E-MAILED - DEFECTIVE USE STATEMENT
MAB7,O,ABANDONMENT NOTICE MAILED - DEFECTIVE USE STATEMENT
MAB8,E,ABANDONMENT NOTICE E-MAILED - AFTER PETITION DECISION (IU CASE)
MAB8,O,ABANDONMENT NOTICE MAILED - AFTER PETITION DECISION (IU CASE)
MAFR,O,APPLICATION FILING RECEIPT MAILED
MAIL,I,PAPER RECEIVED
MAIL,T,PAPER RECEIVED AT TTAB
MDSC,E,NOTICE OF DESIGN SEARCH CODE E-MAILED
MDSC,O,NOTICE OF DESIGN SEARCH CODE MAILED
MDSM,E,NOTICE OF DESIGN SEARCH CODE E-MAILED
MDSM,O,NOTICE OF DESIGN SEARCH CODE MAILED
MNDA,O,NOTICE OF DIVIDED TRADEMARK APPLICATION MAILED
MPMK,E,NOTICE OF PSEUDO MARK E-MAILED
MPMK,O,NOTICE OF PSEUDO MARK MAILED
MREI,E,NOTICE OF REINSTATEMENT E-MAILED
MREI,O,NOTICE OF REINSTATEMENT MAILED
MSNI,O,MISPLACED SN INQUIRY
N12C,E,NOTICE OF PUBLICATION UNDER SECTION 12(c) E-MAILED
N6AF,O,NOTICE OF CANCELLATION UNDER 16A FULL EMAILED
NA15,E,SEC. 15 ACKNOWLEDGEMENT - E-MAILED
NA15,O,SEC. 15 ACKNOWLEDGEMENT - MAILED
NA71,E,NOTICE OF ACCEPTANCE OF SEC. 71 - E-MAILED
NA71,O,NOTICE OF ACCEPTANCE OF SEC. 71 - MAILED
NA75,E,NOTICE OF ACCEPTANCE OF SEC. 71 & 15 - E-MAILED
NA75,O,NOTICE OF ACCEPTANCE OF SEC. 71 & 15 - MAILED
NA85,E,NOTICE OF ACCEPTANCE OF SEC. 8 & 15 - E-MAILED
NA85,O,NOTICE OF ACCEPTANCE OF SEC. 8 & 15 - MAILED
NA89,E,NOTICE OF ACCEPTANCE OF SEC. 8 & 9 - E-MAILED
NA89,O,NOTICE OF ACCEPTANCE OF SEC. 8 & 9 - MAILED
NAAX,O,NOTICE OF ADMINISTRATIVE ACTION - EXCLUSION/REMOVAL MAILED
NAS8,E,NOTICE OF ACCEPTANCE OF SEC. 8 - E-MAILED
NAS8,O,NOTICE OF ACCEPTANCE OF SEC. 8 - MAILED
NAUD,F,NOTICE OF UNRESPONSIVE AMENDMENT
NAUD,O,NOTICE OF UNRESPONSIVE AMENDMENT - MAILED
NAUD,R,REPORT UNRESPONSIVE AMENDMENT - COMPLETED
NAUD,S,NOTICE OF UNRESPONSIVE AMENDMENT - MAILED
NAUD,W,SU - NOTICE OF UNRESPONSIVE AMENDMENT - WRITTEN
NC71,E,NOTICE OF CANCELLATION SEC. 71 E-MAILED
NC71,O,NOTICE OF CANCELLATION SEC. 71 MAILED
NCP7,E,NOTICE OF PARTIAL CANCELLATION SEC. 7 SURRENDER EMAILED
NCP7,O,NOTICE OF PARTIAL CANCELLATION SEC. 7 SURRENDER MAILED
NCS7,E,NOTICE OF CANCELLATION SEC. 7 SURRENDER EMAILED
NCS7,O,NOTICE OF CANCELLATION SEC. 7 SURRENDER MAILED
NCS8,E,NOTICE OF CANCELLATION SEC. 8 EMAILED
NCS8,O,NOTICE OF CANCELLATION SEC. 8 MAILED
NEWN,I,NEW NOA TO ISSUE
NEWR,I,1(B) BASIS DELETED; NEW BASIS APPROVED
NOAC,E,CORRECTED NOA E-MAILED
NOAC,O,CORRECTED NOA MAILED
NOAD,E,DUPLICATE NOA E-MAILED
NOAD,O,DUPLICATE NOA MAILED
NOAM,E,NOA E-MAILED - SOU REQUIRED FROM APPLICANT
NOAM,O,NOA MAILED - SOU REQUIRED FROM APPLICANT
NONP,E,NOTIFICATION OF NOTICE OF PUBLICATION E-MAILED
NOPM,M,NOTICE OF POSSIBLE OPPOSITION SENT MANUALLY TO IB
NOSU,I,NOTICE OF SUIT
NPUB,*,NOTICE OF PUBLICATION
NPUB,E,OFFICIAL GAZETTE PUBLICATION CONFIRMATION E-MAILED
NPUB,F,NOTICE OF PUBLICATION
NPUB,O,NOTICE OF PUBLICATION
NRCC,E,NOTICE OF REGISTRATION CONFIRMATION EMAILED
NRCS,E,NOTICE OF REGISTRATION CONFIRMATION EMAILED
NREN,A,NEW REPRESENTATIVE AT IB - NO ACTION
NREP,P,NEW REPRESENTATIVE AT IB RECEIVED
NREV,E,NOTICE OF REVIVAL - E-MAILED
NREV,O,NOTICE OF REVIVAL - MAILED
NURC,C,NOTICE OF UPDATED REGISTRATION CONFIRMATION EMAILED
NWAP,I,NEW APPLICATION ENTERED
NWOS,I,NEW APPLICATION OFFICE SUPPLIED DATA ENTERED
OHER,I,ON HOLD - EXAMINER ATTORNEY REQUEST
OHMR,I,ON HOLD - MANAGING ATTORNEY REQUEST
OHPO,I,ON HOLD - PETITION OFFICE REQUEST
OHSR,I,ON HOLD - SENIOR ATTORNEY REQUEST
OP.D,S,OP.DS (DISMISSED IN PART/SUSTAINED IN PART)
OP.D,T,OPPOSITION DISMISSED NO. 999999
OP.I,T,OPPOSITION INSTITUTED NO. 999999
OP.N,T,OPPOSITION NOT INSTITUTED
OP.S,T,OPPOSITION SUSTAINED NO. 999999
OP.T,T,OPPOSITION TERMINATED NO. 999999
OP2R,P,"NOTICE OF START OF OPPOSITION PERIOD CREATED, TO BE SENT TO IB"
OP2S,O,NOTICE OF START OF OPPOSITION SENT TO IB
OPNC,E,OPPOSITION NOTICE (IB REFUSAL) CREATED
OPNR,P,"NOTIFICATION OF POSSIBLE OPPOSITION CREATED, TO BE SENT TO IB"
OPNS,B,OPPOSITION NOTICE (IB REFUSAL) SENT TO IB
OPNS,P,NOTIFICATION OF POSSIBLE OPPOSITION SENT TO IB
OPNX,P,NOTIFICATION OF POSSIBLE OPPOSITION - PROCESSED BY IB
OPPF,T,OPPOSITION PAPERS RECEIVED AT TTAB
OQ89,O,POST REGISTRATION ACTION E-MAILED - SEC.8 & 9
ORDR,I,COURT ORDER RECEIVED
OROR,O,COURT ORDER AMENDMENT OR RESTRICTION
OTHE,I,CASE RETURNED TO EXAMINATION
P12C,O,PUBLISHED SECTION 12(C)
PAIS,O,PETITION TO DIRECTOR - INT. APP. - DISMISSED
PARI,I,TEAS VOLUNTARY AMENDMENT RECEIVED
PBCO,Z,WITHDRAWN FROM PUB - COMM.OFFICE REQUEST
PBCR,Z,WITHDRAWN FROM PUB - OG REVIEW QUERY
PBER,Z,WITHDRAWN FROM PUB - EXAMINING ATTORNEY REQUEST
PBIC,Z,WITHDRAWN FROM PUB - INCOMING CORR RECEIVED
PBIR,Z,WITHDRAWN FROM PUB - TQR/NON-ATTY REQUEST
PBIU,Z,WITHDRAWN FROM PUB-ITU REQUEST
PBMR,Z,WITHDRAWN FROM PUB - MANAGING ATTORNEY REQUEST
PBPO,Z,WITHDRAWN FROM PUB - PETITIONS OFFICE REQUEST
PBPR,Z,WITHDRAWN FROM PUB - ESU SUPERVISOR REQUEST
PBSR,Z,WITHDRAWN FROM PUB - SENIOR ATTORNEY REQUEST
PBTB,Z,WITHDRAWN FROM PUB-TTAB REQUEST
PBTQ,Z,WITHDRAWN FROM PUB OTQR REQUEST
PBUR,Z,WITHDRAWN FROM PUB - MPU REQUEST
PC.D,I,PETITION TO DIRECTOR DISMISSED
PC.D,T,PETITION TO DIRECTOR DISMISSED
PCBD,O,PETITION TO DIRECTOR - CHANGE BASIS - DENIED
PCBD,P,PETITION TO DIRECTOR - CHANGE BASIS - DENIED
PCBG,O,PETITION TO DIRECTOR - CHANGE BASIS - GRANTED
PCBM,I,PETITION TO DIRECTOR WITHDRAWN
PCDE,O,PETITION TO DIRECTOR DENIED
PCGR,O,PETITION TO DIRECTOR GRANTED
PCNX,P,PARTIAL CANCELLATION PROCESSED BY IB
PCOI,I,PARTIAL CANCELLATION FROM ORIGINAL APPLICATION ENTERED
PCPN,X,PARTIAL CHANGE OF OWNERSHIP PROCESSED BY IB
PCRC,I,PETITION TO DIRECTOR RECEIVED
PDCB,I,PETITION TO DIRECTOR - CHANGE BASIS - RECEIVED
PDMS,I,PETITION TO DIRECTOR - MAKE SPECIAL - RECEIVED
PDPS,I,PETITION TO THE DIRECTOR TO ACCEPT PAPER SUBMISSION
PDTG,O,PETITION TO DIRECTOR GRANTED TTAB MATTER
PDTR,I,PETITION TO DIRECTOR RECEIVED TTAB MATTER
PDWF,I,PETITION TO DIRECTOR - WAIVE FEES - RECEIVED
PETC,T,CANCELLATION INSTITUTED NO. 999999
PETD,O,PETITION TO REVIVE-DENIED
PETG,O,PETITION TO REVIVE-GRANTED
PETI,T,PETITION TO DIRECTOR - CHANGE BASIS - RECEIVED
PETL,I,COMMUNICATION RECEIVED FROM PETITIONER
PETR,I,PETITION TO REVIVE-RECEIVED
PG1B,O,PETITION GRANTED - REQUEST TO DELETE 1(B) FILED
PGDV,O,PETITION GRANTED - REQUEST TO DIVIDE FILED
PGEX,O,PETITION GRANTED - EXTENSION REQUEST FILED
PGOA,O,PETITION GRANTED - REMAIL OFFICE ACTION
PGRN,O,PETITION GRANTED - ISSUE NEW NOA
PGRR,O,PETITION GRANTED - RESPONSE RECEIVED
PGSU,O,PETITION GRANTED - SOU FILED
PGTT,O,PETITION GRANTED - TTAB APPEAL FILED
PILM,I,PETITION INQUIRY LETTER ISSUED
PINM,I,INCOMPLETE PETITION NOTICE MAILED
PINM,O,INCOMPLETE PETITION NOTICE MAILED
PINT,O,REPRINTING REGISTRATION CERTIFICATE
PIRC,I,PUBLICATION & ISSUE REVIEW COMPLETE
PLGL,A,ASSIGNED TO PARALEGAL
PMSD,O,PETITION TO DIRECTOR - MAKE SPECIAL - DENIED
PMSG,O,PETITION TO DIRECTOR - MAKE SPECIAL - GRANTED
PMSM,',PETITION TO DIRECTOR - DISMISSED
PMSM,I,PETITION TO DIRECTOR - DISMISSED
PPAC,*,PETITION PENDING - AMENDMENT COMMENT PERIOD
PPAR,I,POST PUBLICATION AMENDMENT RECEIVED
PPCD,O,PENDING PETITION/COURT DECISION
PR.D,T,PETITION TO REVIVE DISMISSED
PR.W,T,PETITION TO REVIVE WITHDRAWN
PR12,I,RESPONSE RECEIVED TO POST REG. ACTION - SEC. 12C
PR12,O,POST REGISTRATION ACTION MAILED - SEC. 12(C)
PR15,I,RESPONSE RECEIVED TO POST REG. ACTION - SEC. 15
PR15,O,POST REGISTRATION ACTION MAILED - SEC. 15
PR23,I,RESPONSE RECEIVED TO POST REG. ACTION - SEC. 8 & 15
PR23,O,POST REGISTRATION ACTION MAILED - SEC. 8 & 15
PR71,I,RESPONSE RECEIVED TO POST REG. ACTION - SEC. 71
PR71,O,POST REGISTRATION ACTION MAILED - SEC.71
PR75,I,RESPONSE RECEIVED TO POST REG. ACTION - SEC. 71 & 15
PR75,O,POST REGISTRATION ACTION MAILED - SEC. 71 & 15
PR89,I,RESPONSE RECEIVED TO POST REG. ACTION - SEC. 8 & 9
PR89,O,POST REGISTRATION ACTION MAILED - SEC. 8 & 9
PRA7,O,REGISTERED - SEC. 7 REQUEST ABANDONED
PRA8,I,RESPONSE RECEIVED TO POST REG. ACTION - SEC. 8
PRA8,O,POST REGISTRATION ACTION MAILED - SEC. 8
PRA9,I,RESPONSE RECEIVED TO POST REG. ACTION - SEC. 9
PRA9,O,POST REGISTRATION ACTION MAILED - SEC. 9
PRAM,O,POST REGISTRATION ACTION MAILED - SEC. 7
PRAN,O,POST REGISTRATION ACTION MAILED NO RESPONSE REQUIRED
PREV,O,LAW OFFICE PUBLICATION REVIEW COMPLETED
PRIC,I,30 DAY NOTICE OF INCOMPLETE RESPONSE
PRIC,O,30 DAY NOTICE OF INCOMPLETE RESPONSE
PRIM,I,PETITION TO REVIVE INQUIRY MAILED
PRIM,O,PETITION INQUIRY LETTER MAILED
PRMP,I,POST REG MISC. PAPER
PROA,I,TEAS PETITION TO REVIVE RECEIVED
PRPC,O,POST REGISTRATION FILE PROCESSING COMPLETE
PRRD,O,PETITION RECONSIDERATION REQUEST DENIED
PRRG,O,PETITION RECONSIDERATION REQUEST GRANTED
PRRR,I,PETITION RECONSIDERATION REQUEST RECEIVED
PUBO,A,PUBLISHED FOR OPPOSITION
PUBW,Z,2ND PUBLICATION WITHDRAWN
PUM1,O,OFFICE ACTION ISSUED POU1
PUM2,O,OFFICE ACTION ISSUED POU2
PUM3,O,OFFICE ACTION ISSUED POU3
PUMI,O,PROOF OF USE INTERIM ACTION ISSUED
PUNQ,O,OFFICE ACTION ISSUED- NO RESPONSE REQUIRED POU
PUNR,O,PROOF OF USE NO RESPONSE RECEIVED POST REGISTRATION ACTION
PWFD,O,PETITION TO DIRECTOR - WAIVE FEE - DENIED
PWFG,O,PETITION TO DIRECTOR - WAIVE FEES - GRANTED
PWFM,I,PETITION TO DIRECTOR - DISMISSED
QR15,O,POST REGISTRATION ACTION E-MAILED - SEC.15
QR23,O,POST REGISTRATION ACTION E-MAILED - SEC.8 & 15
QR71,O,POST REGISTRATION ACTION E-MAILED - SEC.71
QR75,O,POST REGISTRATION ACTION E-MAILED - SEC. 71 & 15
QRA8,O,POST REGISTRATION ACTION E-MAILED - SEC.8
QRAM,O,POST REGISTRATION ACTION E-MAILED - SEC.7
R.PR,A,REGISTERED-PRINCIPAL REGISTER
R.SR,A,REGISTERED-SUPPLEMENTAL REGISTER
RAPP,O,REQUEST FOR REPLACEMENT APPROVED
RBFT,I,REPLY BRIEF FILED - CHECK TTAB FILES
RBFT,T,REPLY BRIEF FILED - CHECK TTAB FILES
RCCK,S,SUSPENSION CHECKED - TO ATTORNEY FOR ACTION
RCFR,I,REQUEST TO CORRECT FILING DATE RECEIVED
RCII,I,REQUEST TO CANCEL INADVERTENTLY ISSUED REGISTRATION RECEIVED
RCPN,M,"PARTIAL CHANGE IN OWNERSHIP RECORDED, BIRTH/RESTRICTED PAIR"
RCSC,S,REPORT COMPLETED SUSPENSION CHECK CASE STILL SUSPENDED
RDEN,S,NOTE OF REPLACEMENT DENIED
RDNY,O,REQUEST FOR REPLACEMENT DENIED
RDX1,O,ACTION FOR REQ FOR RECON DENIED NO APPEAL FILED E-MAILED
RDX2,O,ACTION FOR REQ FOR RECON DENIED NO APPEAL FILED MAILED
RDX3,O,NOTIFICATION FOR REQ FOR RECON DENIED NO APPEAL FILED
REAP,I,TEAS REVOKE/APP/CHANGE ADDR OF ATTY/DOM REP RECEIVED
RECD,O,ACTION DENYING REQ FOR RECON MAILED
RECG,O,ACTION GRANTING REQ. FOR RECON. MAILED
RECG,S,ACTION GRANTING REQ FOR RECON MAILED
REGV,O,LAW OFFICE REGISTRATION REVIEW COMPLETED
REIN,I,REINSTATED
REIN,O,REINSTATED
REM1,E,COURTESY REMINDER - SEC. 8 (6-YR) E-MAILED
REM2,E,COURTESY REMINDER - SEC. 8 (10-YR)/SEC. 9 E-MAILED
REM3,E,COURTESY REMINDER - SEC. 71 (6-YR) E-MAILED
REM4,E,COURTESY REMINDER - SEC. 71 (10-YR) E-MAILED
REN1,R,REGISTERED AND RENEWED (FIRST RENEWAL - 20 YRS)
REN2,R,REGISTERED AND RENEWED (SECOND RENEWAL - 20 YRS)
REN3,R,REGISTERED AND RENEWED (THIRD RENEWAL - 20 YRS)
REN4,R,REGISTERED AND RENEWED (FOURTH RENEWAL - 20 YRS)
REN5,R,REGISTERED AND RENEWED (FIFTH RENEWAL - 20 YRS)
REPR,M,SN ASSIGNED FOR SECT 66A APPL FROM IB
RETP,R,ADDITIONAL REVIEW COMPLETED - SENT TO PROOFING
RFCR,E,NON-FINAL ACTION (IB REFUSAL) PREPARED FOR REVIEW
RFCR,P,"REFUSAL NOTICE CREATED, TO BE SENT TO IB"
RFCS,P,NON-FINAL ACTION MAILED - REFUSAL SENT TO IB
RFIL,I,REQUEST FOR REPLACEMENT FILED
RFIL,S,REQUEST FOR REPLACEMENT RECEIVED
RFNP,P,REFUSAL PROCESSED BY IB
RFNT,P,REFUSAL PROCESSED BY IB
RFRC,I,REQUEST FOR RECONSIDERATION RECEIVED
RFRR,I,REQUEST FOR REINSTATEMENT RECEIVED
RFRR,P,REFUSAL PROCESSED BY MPU
RFSH,I,REQUEST FOR SPECIAL HANDLING RECEIVED
RFTP,Z,REMOVED FROM TEAS PLUS
RFWR,P,NON-FINAL ACTION (IB REFUSAL) WITHDRAWN FOR REVIEW
RG1B,O,REINSTATEMENT GRANTED - REQUEST TO DELETE 1(B) FILED
RGDV,O,REINSTATEMENT GRANTED - REQUEST TO DIVIDE FILED
RGEX,O,REINSTATEMENT GRANTED - EXTENSION REQUEST FILED
RGIA,O,REINSTATEMENT GRANTED - INADVERTENTLY ABANDONED
RGLA,O,REINSTATEMENT GRANTED - INADVERTENTLY ABANDONED
RGOA,O,REINSTATEMENT GRANTED - REMAIL OFFICE ACTION
RGRN,O,REINSTATEMENT GRANTED - REISSUE NOA
RGRR,O,REINSTATEMENT GRANTED - RESPONSE RECEIVED
RGSU,O,REINSTATEMENT GRANTED - SOU FILED
RGTD,O,REINSTATEMENT GRANTED - TTAB DECISION REVERSED
RGTR,O,REINSTATEMENT GRANTED - TTAB REQUEST
RGTT,O,REINSTATEMENT GRANTED - TTAB APPEAL FILED
RHRD,I,RESTRICTION OF HOLDER'S RIGHT OF DISPOSAL RECEIVED
RINX,P,USPTO CORRECTION PROCESSED BY IB
RMDT,O,EXAMINERS REQUEST FOR REMAND TO TTAB
RMRF,Z,REMOVE FROM TEASRF
RNL1,Q,REGISTERED AND RENEWED (FIRST RENEWAL - 10 YRS)
RNL2,Q,REGISTERED AND RENEWED (SECOND RENEWAL - 10 YRS)
RNL3,Q,REGISTERED AND RENEWED (THIRD RENEWAL - 10 YRS)
RNL4,Q,REGISTERED AND RENEWED (FOURTH RENEWAL - 10 YRS)
RNL5,Q,REGISTERED AND RENEWED (FIFTH RENEWAL - 10 YRS)
RNL6,Q,REGISTERED AND RENEWED (SIXTH RENEWAL - 10 YRS)
RNL7,Q,REGISTERED AND RENEWED (SEVENTH RENEWAL - 10 YRS)
RNL8,Q,REGISTERED AND RENEWED (EIGHTH RENEWAL - 10 YRS)
RNL9,Q,REGISTERED AND RENEWED (NINTH RENEWAL - 10 YRS)
RNWL,P,INTERNATIONAL REGISTRATION RENEWED
RPRC,S,NOTE OF REPLACEMENT PROCESSED
RPRI,B,REPLACEMENT PROCESSED BY IB
RPUB,I,NOA CANCELLED; REPUBLICATION REQUIRED
RRDX,O,REQUEST FOR RECONSIDERATION DENIED - ADDITIONAL TIME
RRDX,W,ACTION REQ FOR RECON DENIED NO APPEAL FILED COUNTED NOT MAILED
RRGD,O,REQUEST FOR REINSTATEMENT DENIED
RRGG,O,REQUEST FOR REINSTATEMENT - GRANTED
RRGM,I,REQUEST FOR REINSTATEMENT - DISMISSED
RRPR,I,RESPONSE RECEIVED TO POST REG. ACTION
RSHD,O,REQUEST FOR SPECIAL HANDLING DENIED
RSHG,O,REQUEST FOR SPECIAL HANDLING - GRANTED
RSHM,I,REQUEST FOR SPECIAL HANDLING - DISMISSED
RTDR,I,REQUEST TO DIVIDE RECEIVED
RTRF,P,RESTORE TO TEASRF
RTTP,P,RESTORE TO TEAS PLUS
S71A,I,REGISTERED-SUBSEQUENT SEC. 71 ACCEPTED
S85A,I,REGISTERED-SUBSEQUENT SEC. 8 (6 YR) ACCEPTED/SEC. 15 ACKNOWLEDGED
S85R,I,REGISTERED-SUBSEQUENT SEC. 8 (6 YR) ACCEPTED SEC. 15 RECEIVED
S86A,I,REGISTERED-SUBSEQUENT SEC. 8 (6 YR) ACCEPTED
S89G,O,REGISTERED-SUBSEQUENT SEC. 8 (10 YR) ACCEPTED/SEC. 9 GRANTED
S89R,I,REGISTERED-SUBSEQUENT SEC. 8 (10 YR) ACCEPTED/SEC. 9 RECEIVED
S8OA,I,REGISTERED-SUBSEQUENT SEC. 8 (10 YR) ACCEPTED
SDRC,M,SN ASSIGNED FOR SECT 66A SUBSEQ DESIG FROM IB
SEAP,F,SU - EXAMINER'S AMENDMENT/PRIORITY ACTION MAILED
SEAP,O,SU - EXAMINER'S AMENDMENT/PRIORITY ACTION MAILED
SEAP,W,SU - EXAMINER'S AMENDMENT/PRIORITY ACTION WRITTEN
SNEA,F,SU-EXAMINER'S AMENDMENT MAILED
SNEA,O,SU-EXAMINER'S AMENDMENT MAILED
SNEA,W,SU-EXAMINER'S AMENDMENT WRITTEN
SP1A,I,REGISTERED-SUBSEQUENT PARTIAL SEC. 8 (10 YR) ACCEPTED
SP6A,I,REGISTERED-SUBSEQUENT PARTIAL SEC. 8 (6 YR) ACCEPTED/SEC 15 ACK
SPEA,F,SU - EXAMINER'S AMENDMENT AND/OR PRIORITY ACTION MAILED
SPEA,O,SU - EXAMINER'S AMENDMENT AND/OR PRIORITY ACTION MAILED
SPEA,W,SU - EXAMINER'S AMENDMENT AND/OR PRIORITY ACTION - WRITTEN
SPRA,F,SU - PRIORITY ACTION MAILED
SPRA,O,SU - PRIORITY ACTION MAILED
SPRA,W,SU - PRIORITY ACTION WRITTEN
SRRC,I,STATEMENT OF USE REVIEW COMPLETE
SSFR,O,SU - SUBSEQUENT FINAL MAILED
SSFR,W,SOU - SUBSEQUENT FINAL REFUSAL WRITTEN
SSRR,O,SU - SUBSEQUENT FINAL MAILED
STAL,O,REQUEST FOR STATUS PROCESSED
SUNA,E,NOTICE OF ACCEPTANCE OF STATEMENT OF USE E-MAILED
SUNA,O,NOTICE OF ACCEPTANCE OF STATEMENT OF USE MAILED
SUPC,I,STATEMENT OF USE PROCESSING COMPLETE
TAEA,I,TEAS AMENDMENT ENTERED BEFORE ATTORNEY ASSIGNED
TBAB,I,TEAS PETITION TO AMEND BASIS RECEIVED
TCAL,I,TEAS CORR ADDRESS REQUEST RECEIVED BUT NOT PROCESSED LOC IS TTAB
TCAS,I,TEAS CORR ADDRESS REQUEST RECEIVED BUT NOT PROCESSED STAT IS TTAB
TCCA,I,TEAS CHANGE OF CORRESPONDENCE RECEIVED
TEME,I,TEAS/EMAIL CORRESPONDENCE ENTERED
TMBN,T,TTAB RELEASE CASE TO TRADEMARKS
TPAD,I,TEAS PETITION TO AMEND BASIS RECEIVED
TPDD,I,TEAS DUE DILIGENCE PETITION RECEIVED
TPDR,I,TEAS PETITION TO DIRECTOR RECEIVED
TPET,I,TEAS PETITION TO REVIVE RECEIVED
TPEX,I,SOU EXTENSION RECEIVED WITH TEAS PETITION
TPMS,I,TEAS PETITION TO DIRECTOR-MAKE SPECIAL-RECEIVED
TPOA,I,TEAS PETITION TO REVIVE FOR LATE ROA RECEIVED
TPSE,I,TEAS PETITION TO REVIVE FOR LATE EXT/SOA RECEIVED
TRDE,S,REQUEST FOR TRANSFORMATION DENIED
TRFL,S,REQUEST FOR TRANSFORMATION FILED
TRMS,I,TEAS REQUEST TO MAKE SPECIAL RECEIVED
TRNC,P,OWNERSHIP CHANGE PROCESSED BY IB
TROA,I,TEAS RESPONSE TO OFFICE ACTION RECEIVED
TRPP,S,REQUEST FOR TRANSFORMATION PROCESSED - PARTIAL
TRPT,S,REQUEST FOR TRANSFORMATION PROCESSED - TOTAL
TSEC,U,TRADEUPS SECURITY ACCESS UPDATE PERFORMED
TTBN,I,CASE ASSIGNED TO TTAB
TTBO,I,TTAB ORDER ISSUED
TTCD,D,BOARD DECISION COUNTERCLAIM DENIED
TTCG,P,BOARD DECISION: COUNTERCLAIM GRANTED IN PART/DENIED IN PART
TTCG,R,BOARD DECISION: COUNTERCLAIM GRANTED
TTJG,P,BOARD DECISION SUMMARY JUDGMENT GRANTED
TTPD,A,BOARD DECISION SET ASIDE; DISCLAIMED
TTPR,P,BOARD DECISION SET ASIDE; PROCEEDING REINSTATED
UNDC,O,UNDELIVERABLE MAIL - COURTESY COPY MAILED
UNDN,O,UNDELIVERABLE MAIL - NO ACTION TAKEN
UNDR,O,UNDELIVERABLE MAIL - CORRESP. REMAILED
UNPR,I,UNRESPONSIVE/DUPLICATE PAPER RECEIVED
UNTD,O,"REQUEST TO DIVIDE UNTIMELY, REFUSED, OR WITHDRAWN"
WDLA,P,WITHDRAWAL OF ATTORNEY APPROVED
WDLD,P,WITHDRAWAL OF ATTORNEY DENIED
WDLL,P,RESPONSE TO WITHDRAWAL OF ATTORNEY PROCESSED
WDRL,S,OTQR WITHDRAWAL FROM PUBLICATION
WOAG,I,WITHDRAWAL OF ATTORNEY GRANTED
WOAM,I,REVOCATION/WITHDRAWAL OF ATTORNEY RECEIVED
WOAP,O,WITHDRAWAL OF ATTORNEY LETTER PROCESSED
WOAR,I,TEAS WITHDRAWAL OF ATTORNEY RECEIVED
WOPP,I,EXTENSION OF TIME TO OPPOSE FILED
WRDA,*,WITHDRAWAL OF REFUSAL DURING APPEAL
WRDA,F,WITHDRAWAL OF REFUSAL DURING APPEAL
WRDA,O,WITHDRAWAL OF REFUSAL DURING APPEAL
WRDA,R,REFUSAL WITHDRAWAL LETTER - COMPLETED
XAAP,I,EXAMINER'S AMENDMENT AFTER PUB APPROVAL
XAEC,I,EXAMINER'S AMENDMENT ENTERED
XAWR,P,EXAMINER AMENDMENT AFTER PUB APPROVAL WRITTEN
XELG,O,APPLICATION EXTENSION GRANTED/RECEIPT PROVIDED
XELR,I,APPLICATION EXTENSION TO RESPONSE PERIOD - RECEIVED
XXCR,P,GENERIC MADRID TRANSACTION CREATED
XXSS,O,GENERIC MADRID TRANSACTION SENT TO IB
XXXX,X,POST REGISTRATION ACTION CORRECTION
ZZAX,Z,PREVIOUS ALLOWANCE WITHDRAWN-TIMELY AAU
ZZBX,Z,ALLOWANCE WITHDRAWN-INADVERTENTLY ISSUED ACTION
ZZZX,Z,PREVIOUS ALLOWANCE COUNT WITHDRAWN
ZZZY,Z,PREVIOUS ACTION COUNT WITHDRAWN
ZZZZ,Z,ALLOWANCE/COUNT WITHDRAWN
